1630919516715824735,1630919517070496172
1630919518274805881,1630919518580880103
1630919519758985012,1630919520046702695
1630919521232336363,1630919521541419444
1630919522807212387,1630919523116305629
1630919524378685822,1630919524668672142
1630919525878792087,1630919526167904752
1630919527377886137,1630919527684845549
1630919528923717424,1630919529219514189
1630919530426646994,1630919530730004487
1630919531933953014,1630919532239198894
1630919533424536231,1630919533726714632
1630919534937083503,1630919535241960174
1630919536450594843,1630919536770376620
1630919537990741986,1630919538290456553
1630919539547262337,1630919539869121950
1630919541113372431,1630919541417820283
1630919542605108168,1630919542911334097
1630919544113313516,1630919544415158991
1630919545661531648,1630919545982591109
1630919547201758471,1630919547510594214
1630919548746019826,1630919549028223949
1630919550237338238,1630919550535295062
1630919551750096634,1630919552042108139
1630919553267413704,1630919553569824614
1630919554778123797,1630919555083891463
1630919556267603889,1630919556570278349
1630919557744762011,1630919558077603308
1630919559266984332,1630919559588490215
1630919560803992087,1630919561122542772
1630919562309983899,1630919562606538752
1630919563810749938,1630919564125030559
1630919565323968521,1630919565652830826
1630919566874510997,1630919567168001198
1630919568370323795,1630919568667576432
1630919569859299839,1630919570165208498
1630919571401704574,1630919571703186100
1630919572950863592,1630919573269063158
1630919574472202540,1630919574789238784
1630919576007122490,1630919576320625864
1630919577550379481,1630919577903040949
1630919579100379954,1630919579424824739
1630919580669688374,1630919580977634727
1630919582223247453,1630919582534363248
1630919583774745562,1630919584107689133
1630919585356402275,1630919585653818669
1630919586862834297,1630919587173746098
1630919588440482065,1630919588742839387
1630919589981968546,1630919590306560915
1630919591583272529,1630919591875529604
